seller_id,high_risk_order_rate,avg_predicted_risk,total_orders
S025,0.35,0.31166638424682086,20
S035,0.2727272727272727,0.2620823958391023,22
S012,0.2727272727272727,0.260723153276965,22
S008,0.3,0.2503720201140431,20
S001,0.25,0.24382391996746822,16
S039,0.26666666666666666,0.23232937960778824,15
S033,0.25,0.22290136205295574,24
S023,0.23529411764705882,0.20442371057835423,17
S006,0.2,0.20365782157429585,20
S028,0.22727272727272727,0.19739600763735013,22
